연번,지자체명,세부사업명,  예산(백만원)  
1,강원도,소상공인창업및경영안정융자금이차보전추진,2433
2,강원도,유통업활성화추진,169
3,강원도,재해소상공인이차보전추진,630
4,강원도,화재알림시설설치(국고),24
5,강원도,관광사업체활성화지원,192
6,강원도,강원경제선도중소기업발굴육성지원,224
7,강원도,공예산업육성및브랜드화,60
8,강원도,마케팅역량강화및제품경쟁력제고,527
9,강원도,중소기업간네트워크구축및혁신활동지원,16
10,강원도,중소기업경영활성화시책추진,5822
11,강원도,중소기업육성자금이차보전,10494
12,강원도,창업보육센터특성화육성,605
13,강원도,특수목적지원자금운영,25000
14,강원도,축산물작업장위생설비개선지원,156
15,강원도,강원의료기기전시회개최지원,122
16,강원도,마을기업육성,124
17,강원도,마을기업육성(국고),105
18,강원도,사회적경제육성기반구축,759
19,강원도,사회적경제조직활성화추진,928
20,강원도,사회적기업육성,116
21,강원도,수산업가공산업육성(전환사업),733
22,강원도,수산산업창업·투자지원사업(국고),600
23,강원도,식품위생업소시설개선융자사업,200
24,강원도,유통식품및위생업소관리,881
25,강원도,농식품산업기반구축,278
26,강원도,강원도사회보험료지원,8034
27,강원도,생계형1인자영업자사회보험료지원,2409
28,강원도,취업촉진사업추진,24406
29,강원도,폐광지역이전기업등지원,5715
30,강원도,뿌리기술경쟁력강화지원,90
31,강원도,스마트공장보급확산,603
32,강원도,전략기반성장동력산업집중육성,1248
33,강원도,스마트특성화기반구축(국가직접지원),2700
34,강원도,강원ICT융합신기술기업지원,77
35,강원도,전자상거래활성화추진,739
36,강원도,해외규격인증획득지원,400
37,강원도,지역산업마케팅지원(전환사업),2200
38,강원도,G-스타트업창업지원,1357
39,강원도,지역강소기업경쟁력강화사업(국가직접지원),250
40,강원도,마을기업육성컨설팅등지원(전환사업),520
41,강원도,사회적경제혁신성장사업(국가직접지원),237
42,강원도,전략기반성장동력산업집중육성(국가직접지원),5901
43,강원도,강원바이오유망기업육성,160
44,강원도,강원소규모의료기기기업엑셀러레이팅지원,400
45,강원도,공공구매활성화추진,36
46,강원도,품질경영활성화지원,20
47,강원도,농수산식품수출경쟁력강화,1904
48,강원도,사회적기업육성(일자리창출)(국고),367
49,강원도,사회적기업육성(사회보험료)(국고),20
50,강원도,강원도정규직일자리취직지원,96719
51,강원도,사회적기업육성(사업개발비)(국고),135
52,강원도,중소기업특별지원지역입주기업지원,1173
53,강원도,강원형벤처펀드조성및운영,9500
54,강원도,강원형벤처펀드투자생태계조성지원,150
55,강원도,중소기업협동조합활성화,25
56,강원도,지식재산창출지원(국가직접지원),1360
57,강원도,지식재산기반창업촉진(국가직접지원),993
58,강원도,중화항체치료제개발지원센터구축(국가직접지원),200
59,강원도,면역항체치료소재개발지원센터구축,1240
60,경기도,동반성장사업추진(자체/직접),702
61,경기도,경기도바이오기업R&DB종합지원(자체/직접),1475
62,경기도,과학기술진흥지원,2760
63,경기도,기술개발사업(자체/직접),5000
64,경기도,기술닥터(자체/지원),1606
65,경기도,기술닥터(자체/직접),900
66,경기도,소재·부품·장비산업자립화연구지원사업(자체/직접),10000
67,경기도,지식재산보호강화(자체/직접),876
68,경기도,지식재산창출및창업지원(자체/직접),2900
69,경기도,테크노파크운영지원(자체/직접),1654
70,경기도,차세대수소에너지기술개발지원사업(자체/직접),650
71,경기도,노동안전보건우수기업인증(자체/직접),175
72,경기도,해외시장개척(자체/직접),350
73,경기도,데이터산업육성지원(자체/직접),300
74,경기도,반려동물산업창업지원(전환)(자체/직접),300
75,경기도,3D프린팅기술지원(자체/직접),300
76,경기도,VR/AR산업육성(자체/직접),5200
77,경기도,경기도로봇산업육성지원(자체/직접),610
78,경기도,경기도형스마트공장구축지원(자체/직접),700
79,경기도,드론산업육성지원(자체/직접),585
80,경기도,뷰티산업육성지원(자체/직접),350
81,경기도,여성창업지원(자체/직접),835
82,경기도,북부중소기업수질개선지원사업(자체/지원),328
83,경기도,중소사업장연료전환지원사업(국비/지원),360
84,경기도,경기도협동조합공유ㆍ협업모델지원(자체/직접),1000
85,경기도,공유기업발굴육성(자체/직접),350
86,경기도,공정무역활성화지원(자체/직접),202
87,경기도,마을기업육성(지정)(균특/지원),740
88,경기도,사회적경제기업사업개발비지원(국비/지원),142
89,경기도,온라인플랫폼운영마케팅지원(자체/지원),100
90,경기도,사회적경제조직육성및지원,4950
91,경기도,물산업신기술실증화지원(자체/직접),350
92,경기도,물산업해외마케팅지원및지방외교활성화(자체/직접),50
93,경기도,1인소상공인고용보험료지원(자체/직접),690
94,경기도,소상공인재창업지원(자체/직접),900
95,경기도,푸드트럭활성화지원(자체/직접),90
96,경기도,혁신소공인육성사업(자체/직접),600
97,경기도,여성창업지원(자체/지원),63
98,경기도,경기수출기업경쟁력강화(자체/직접),730
99,경기도,경기우수상품해외전시회(해외G-FAIR)(자체/직접),600
100,경기도,글로벌수출기업육성(자체/직접),800
101,경기도,글로벌히트상품창출지원(자체/직접),1100
102,경기도,대한민국우수상품전시회(G-FAIRKOREA)(자체/직접),1500
103,경기도,수출기반강화(자체/직접),1330
104,경기도,온라인해외마케팅지원(자체/직접),900
105,경기도,지역산업마케팅지원(전환)(자체/직접),500
106,경기도,일자리우수기업인증및고용환경개선(자체/직접),796
107,경기도,제조-서비스업융복합사업육성지원(자체/직접),270
108,경기도,경기기술창업지원프로그램(자체/직접),1330
109,경기도,경기도대학생융합기술창업지원(자체/직접),580
110,경기도,경기도창업플랫폼운영(자체/직접),370
111,경기도,경기벤처창업지원센터운영지원(자체/직접),1763
112,경기도,기술이전창업지원(자체/직접),250
113,경기도,스타트업랩운영지원(자체/직접),720
114,경기도,재도전사업자지원(자체/직접),540
115,경기도,지역맞춤형경제활성화(자체/직접),1500
116,경기도,창업보육센터운영지원(자체/직접),350
117,경기도,북부경기문화창조허브운영(전환)(자체/직접),1800
118,경기도,판교경기문화창조허브운영(전환)(자체/직접),1500
119,경기도,글로벌기업연계부품국산화지원사업,1370
120,경기도,글로벌비즈니스기업매칭사업(자체/직접),320
121,경기도,가구기업제품개발및마케팅지원(자체/직접),600
122,경기도,가구인증사업지원(자체/직접),150
123,경기도,개성공단입주기업판로지원(자체/직접),150
124,경기도,경기도중소기업해외유통망진출지원(자체/직접),1000
125,경기도,경기신용보증재단출연금(자체/직접),33547
126,경기도,경기행복샵입점지원(자체/직접),500
127,경기도,뿌리기업경쟁력강화지원(자체/지원),650
128,경기도,섬유가구전시회참가지원(자체/직접),200
129,경기도,섬유기업활성화지원(자체/직접),1515
130,경기도,경기섬유마케팅센터운영(자체/직접),1800
131,경기도,섬유분야기술개발사업(자체/직접),750
132,경기도,소규모기업환경개선사업(전환)(자체/지원),7000
133,경기도,우수여성기업맞춤형지원(자체/직접),355
134,경기도,우수중소기업증시상장지원(자체/직접),120
135,경기도,유망중소기업선정및역량강화지원(자체/직접),600
136,경기도,중소기업운전자금지원,242511
137,경기도,중소기업제품디자인개발지원(자체/직접),730
138,경기도,중소기업제품홈쇼핑방송지원(자체/직접),800
139,경기도,중소기업협동조합활성화지원(자체/직접),270
140,경기도,지방강소기업육성프로젝트(전환)(자체/직접),2735
141,경기도,창업및경쟁력강화자금지원,230600
142,경기도,코리아나라장터엑스포(자체/직접),186
143,경기도,품질경영활동지원(자체/직접),250
144,경기도,개성공단기업지원(자체/직접),360
145,경기도,소규모사업장방지시설지원(국비/지원),13680
146,경기도,사업장대기오염방지시설유지관리지원(자체/지원),461
147,경기도,사회적경제환경기업지원(자체/직접),100
148,경기도,유망환경기업지정및지원(자체/직접),200
149,경기도,중소기업환경보전사업지원(자체/직접),3505
150,경기도,환경산업해외협력및공동마케팅(자체/직접),82
151,경기도,게임산업육성(자체/직접),2272
152,경기도,FTA활용지원(자체/직접),1100
153,경기도,수출기업온라인전시회(자체/직접),450
154,경기도,경기K-의료·바이오유망기업해외진출지원(자체/직접),400
155,경기도,온라인수출상담화상서비스지원(자체/직접),130
156,경기도,크라우드펀딩연계스타트업지원(자체/직접),1200
157,경기도,경기스타트업플랫폼연계형기술창업지원사업(자체/직접),300
158,경기도,경기스타트업공정M&A지원(자체/직접),940
159,경기도,사회적가치생산품홍보및판로지원(자체/직접),1140
160,경기도,사회적기업일자리창출지원(균특/지원),9625
161,경기도,해외경기비즈니스센터(GBC)운영(자체/직접),4000
162,경기도,대중소상생형스마트공장구축지원(자체/직접),2500
163,경기도,중소기업마케팅활성화지원(자체/직접),3400
164,경상남도,승강기산업사업화기술지원사업,200
165,경상남도,굴뚝자동측정기기설치운영관리비지원,52
166,경상남도,농산물가공산업지원,250
167,경상남도,수출농가(업체)지원(보조),174
168,경상남도,공예조합육성,152
169,경상남도,우수공예품개발지원,10
170,경상남도,마을기업육성(지원),83
171,경상남도,사회보험료지원사업,42
172,경상남도,사회적기업시설장비지원사업,48
173,경상남도,사회적기업육성(일자리창출),532
174,경상남도,사업개발비공모사업(지원),102
175,경상남도,사업개발비지역특화사업(직접),60
176,경상남도,스마트공장보급확산(국가직접지원),7222
177,경상남도,지역SW기업성장지원,83
178,경상남도,1시장1특화육성사업,150
179,경상남도,1인자영업자고용보험가입지원,243
180,경상남도,소상공인온라인입점지원,100
181,경상남도,경남신용보증재단기본재산출연,3000
182,경상남도,소상공인골목상권활력사업,150
183,경상남도,소상공인소규모경영환경개선지원,1200
184,경상남도,소상공인신용보증수수료지원,307
185,경상남도,소상공인정책자금이차보전금지원,2760
186,경상남도,소상공인창업성공사다리지원,50
187,경상남도,소상공인협업화지원,70
188,경상남도,전통시장시설현대화지원(전환),4292
189,경상남도,전통시장화재공제지원,105
190,경상남도,특화전통시장육성지원,5
191,경상남도,시설개선융자,500
192,경상남도,경남수소산업육성플랫폼사업,292
193,경상남도,중소기업R&D사업화지원센터,300
194,경상남도,중소기업기술고도화사업,60
195,경상남도,지역주력산업의세라믹융복합상용화촉진사업,350
196,경상남도,품질경영지원사업,38
197,경상남도,신재생에너지기술선도유망기업지원,200
198,경상남도,원전산업경쟁력강화지원,155
199,경상남도,원전해체기술개발지원사업,300
200,경상남도,중소기업에너지진단·개선지원사업,300
201,경상남도,경남스타트업청년채용연계사업,234
202,경상남도,경남중소기업청년활력사업,517
203,경상남도,경남형트랙사업활성화지원,308
204,경상남도,고용우수기업인증제추진,212
205,경상남도,채용박람회개최및지원,56
206,경상남도,연구개발장비공동활용지원,100
207,경상남도,제조로봇적용뿌리산업공정개발지원(국가직접지원),815
208,경상남도,조선해양기자재친환경스마트화기술지원,135
209,경상남도,지역산업마케팅지원(벤더등록)(전환),400
210,경상남도,해양조선산업대-중소기업동반성장기업지원,200
211,경상남도,경남중소·벤처기업판로지원사업,119
212,경상남도,경남형스타트업액셀러레이팅,200
213,경상남도,경남형재창업지원사업,120
214,경상남도,기업인단체교류협력사업,10
215,경상남도,소규모기업환경개선사업,365
216,경상남도,여성기업활동촉진사업,80
217,경상남도,중소기업녹색인증컨설팅지원사업,30
218,경상남도,중소기업디자인개발지원사업,90
219,경상남도,중소기업육성자금이차보전금지원,15180
220,경상남도,지역산업맞춤형일자리창출지원사업(공모),585
221,경상남도,지역주도형청년일자리사업,245
222,경상남도,창업기업신규고용인력보조금지원,150
223,경상남도,경남산품판로개척,807
224,경상남도,기업수출역량제고,540
225,경상남도,기업투자촉진보조,1000
226,경상남도,부지매입비융자지원,74
227,경상남도,지방투자촉진,3186
228,경상남도,지역산업마케팅지원(해외마케팅)(전환),1600
229,경상남도,중소기업수출역량강화지원,565
230,경상남도,의료기기업종전환취업연계게이트웨이사업,39
231,경상남도,항노화바이오미래선도기술산업화지원사업,170
232,경상남도,항노화바이오천연물소재응용기술개발사업,170
233,경상남도,경남추천상품(QC)수산물활성화지원,23
234,경상남도,수산물가공공장스마트화지원,81
235,경상남도,수산물브랜드및수출상품화지원,35
236,경상남도,수산박람회참가지원,18
237,경상남도,수출주력품종시장개척,18
238,경상남도,사회적경제혁신성장사업(국가직접지원),90
239,경상남도,지역SW서비스사업화지원(국가직접지원),50
240,경상남도,지역SW품질역량강화사업(국가직접지원),31
241,경상남도,지역특화산업육성기업지원사업(국가직접지원),633
242,경상남도,전통시장인식개선사업(국가직접지원),25
243,경상남도,주력산업(지능형기계)육성지원(국가직접지원),377
244,경상남도,경남창조경제혁신센터운영지원(국가직접지원),1675
245,경상남도,글로벌강소기업육성사업(국가직접지원),1400
246,경상남도,지역스타기업육성및산업기술단지Post-BI특화지원사업(국가직접지원),1866
247,경상남도,지역지식재산창출지원(국가직접지원),1240
248,경상남도,창업도약패키지지원사업(국가직접지원),400
249,경상남도,창업보육센터운영·지원(국가직접지원),500
250,경상남도,초기창업패키지지원사업(국가직접지원),210
251,경상남도,FTA활용지원(국가직접지원),150
252,경상남도,진주뿌리기술지원센터애로기술지원사업,60
253,경상남도,주력산업(나노융합부품)육성지원(국가직접지원),525
254,경상남도,R&D센터활성화정책자금지원,300
255,경상남도,경남청년장인프로젝트,701
256,경상남도,경남상생공제사업,1219
257,경상남도,사회적경제기금운용,420
258,경상남도,서비스로봇산업육성지원,126
259,경상남도,경남수출새싹기업지원(국가직접지원),86
260,경상남도,의료기기·의료용품기술개발및사업화지원사업,70
261,경상남도,경남디자인주도제조혁신지원사업(국가직접지원),70
262,경상남도,동남권뉴딜혁신창업지원펀드조성,500
263,경상남도,창업투자유치역량강화지원사업,500
264,경상남도,투자연계형사업화지원사업,100
265,경상남도,경남창업지원플랫폼운영지원,5
266,경상남도,중소기업매출채권보험료지원,200
267,경상남도,소상공인스마트상권조성지원,190
268,경상남도,소상공인희망드림패키지사업,920
269,경상남도,경남청년친화기업선정지원,450
270,경상남도,친환경조선기자재상용화및스마트유지보수기업지원,260
271,경상남도,산학협력친환경디자인개발지원사업,125
272,경상남도,경남중소기업증시상장지원,30
273,경상남도,중소기업협동조합활성화지원,30
274,경상북도,4차산업혁명핵심기술개발사업,1000
275,경상북도,지역SW산업성장지원,46
276,경상북도,지능로봇산업육성지원,280
277,경상북도,농식품가공산업육성,490
278,경상북도,농식품가공업체수출경쟁력제고,33
279,경상북도,농식품대외경쟁력확보,70
280,경상북도,수출기업발굴및육성,58
281,경상북도,6차산업경영체활성화지원,648
282,경상북도,공공기관연관산업기업유치및지원사업,250
283,경상북도,물산업해외마케팅지원,175
284,경상북도,문화콘텐츠발굴육성,733
285,경상북도,문화상품개발육성,894
286,경상북도,전통시장노후시설개보수,773
287,경상북도,전통시장시설현대화지원(전환사업),4603
288,경상북도,전통시장화재안전지원,303
289,경상북도,전통시장활력화지원,94
290,경상북도,전통시장활성화추진,555
291,경상북도,글로벌코스메틱활성화지원사업,803
292,경상북도,신약개발프로젝트추진,200
293,경상북도,차세대그린백신상용화실증지원사업,200
294,경상북도,마을기업육성사업,159
295,경상북도,마을기업육성사업(교육컨설팅지원)(2단계전환사업),556
296,경상북도,사회적경제육성,1985
297,경상북도,사회적기업일자리창출사업,941
298,경상북도,사회적경제기업사업개발비지원사업,171
299,경상북도,사회적기업사회보험료지원사업,60
300,경상북도,경북동해안철강벨트경쟁력강화사업,200
301,경상북도,첨단신소재·부품산업육성을위해국제공동연구및글로벌협력네트워크구축을통한미래핵심기술확보,300
302,경상북도,탄소중립과지속가능한비즈니스변화로인한친환경섬유소재에대한소비시장의수요증가지역별친환경섬유업체의해외마케팅지원강화를통한판로확보필요,100
303,경상북도,자동차부품산업경쟁력강화지원사업,400
304,경상북도,전략산업선도기업육성사업(전환사업),975
305,경상북도,위생시설개선자금융자사업,1000
306,경상북도,수출기업지원정책추진,7063
307,경상북도,지역산업마케팅(전환사업),4000
308,경상북도,창업활성화를통한일자리창출,2929
309,경상북도,착한가격업소지원,160
310,경상북도,경북PRIDE기업글로벌마케팅지원,900
311,경상북도,경상북도디자인산업육성,1352
312,경상북도,경상북도향토뿌리기업육성,393
313,경상북도,벤처기업경쟁력강화,1560
314,경상북도,벤처기업자금지원,2100
315,경상북도,벤처창업붐조성,495
316,경상북도,소상공인육성자금지원업체이차보전,8000
317,경상북도,운전자금이차보전지원사업,8800
318,경상북도,중소기업공동브랜드홍보및판로개척,4900
319,경상북도,중소기업공제사업기금이차보전,100
320,경상북도,중소기업기술지원사업,870
321,경상북도,중소기업역량강화지원,130
322,경상북도,중소기업청년일자리지원사업,222
323,경상북도,창업및경쟁력강화사업,82150
324,경상북도,고졸청년희망사다리사업,590
325,경상북도,중소기업정규직프로젝트,960
326,경상북도,창업기업일자리사업,959
327,경상북도,청년고용분위기조성,601
328,경상북도,청년기업일자리사업,329
329,경상북도,지방기업투자촉진사업,769
330,경상북도,수산물산지가공시설(전환사업),1200
331,경상북도,수산박람회참가경비지원,30
332,경상북도,수산산업창업투자지원,700
333,경상북도,굴뚝원격감시체계구축,19
334,경상북도,소규모영세사업장방지시설지원,2489
335,경상북도,화학물질취급사업장시설개선사업지원,150
336,경상북도,경북지역기반게임산업육성사업(국가직접지원),420
337,경상북도,IT여성취창업지원사업(국가직접지원),50
338,경상북도,지역SW품질역량강화사업(국가직접지원),75
339,경상북도,스마트공장보급지원(국가직접지원),4500
340,경상북도,전통시장우수상품전시회(국가직접지원),100
341,경상북도,특성화시장육성사업(국가직접지원),698
342,경상북도,사회적경제혁신성장(국가직접지원),237
343,경상북도,기술거래촉진네트워크사업(국가직접지원),200
344,경상북도,지역지식재산창출지원사업(국가직접지원),2240
345,경상북도,지역특화산업육성사업(국가직접지원),8491
346,경상북도,글로벌강소기업경쟁력강화사업(국가직접지원),400
347,경상북도,1인창조기업지원센터(국가직접지원),50
348,경상북도,소상공인지원사업,2500
349,경상북도,1인문화콘텐츠창조기업지원사업(국가직접지원),30
350,광주광역시,강소기업육성,1504
351,광주광역시,구조고도화자금지원,43966
352,광주광역시,기업활동촉진지원,138
353,광주광역시,인쇄출판산업체역량강화지원(국가직접지원),303
354,광주광역시,무역인육성및통상진흥지원,150
355,광주광역시,벤처기업육성자금지원,155
356,광주광역시,수출진흥자금지원,4856
357,광주광역시,스마트공장지원,2000
358,광주광역시,여성기업생산품판로확대,50
359,광주광역시,중소기업경영안정사업자금지원,7103
360,광주광역시,중소기업공제사업기금지원,200
361,광주광역시,중소기업지원기관운영,583
362,광주광역시,중소기업품질및기술력향상지원,513
363,광주광역시,중소유통구조개선자금지원,2500
364,광주광역시,지역산업마케팅지원,1076
365,광주광역시,지역신용보증재단기본재산출연,3870
366,광주광역시,창업생태계조성,2662
367,광주광역시,스타공예상품개발및일자리창출(전환사업),400
368,광주광역시,공예품상품화개발및마케팅지원(전환사업),210
369,광주광역시,문화콘텐츠기획창작스튜디오운영지원,900
370,광주광역시,수제공방육성지원(전환사업),760
371,광주광역시,스마트모바일앱개발지원,325
372,광주광역시,투자진흥지구지정운영,1405
373,광주광역시,고령친화산업기반조성,860
374,광주광역시,광융합산업육성지원및홍보,1591
375,광주광역시,글로벌광융합비즈니스경쟁력강화지원(전환사업),1140
376,광주광역시,산업화디자인프로젝트(전환사업),1000
377,광주광역시,의료산업기반조성,177
378,광주광역시,골목상권살리기지원,2657
379,광주광역시,광주프랜차이즈산업육성,80
380,광주광역시,소상공인지원,1066
381,광주광역시,전통시장TV홍보방송지원,133
382,광주광역시,전통시장시설현대화(지원)(전환사업),2050
383,광주광역시,농식품수출물류비지원,6
384,광주광역시,광주미래식품전(전환사업),216
385,광주광역시,우수농식품국내외마케팅지원(전환사업),247
386,광주광역시,지자체해외공동마케팅지원,32
387,광주광역시,지역소프트웨어산업진흥지원,928
388,광주광역시,식품진흥기금융자,300
389,광주광역시,우수숙박시설지원·육성,50
390,광주광역시,음식점서비스개선,90
391,광주광역시,가족친화인증추진,170
392,광주광역시,지역고객센터활성화지원,612
393,광주광역시,광주형일자리기업발굴및육성지원,500
394,광주광역시,마을기업육성(전환사업),260
395,광주광역시,마을기업육성(지원)(보조),168
396,광주광역시,사회적기업사업개발지원(보조),405
397,광주광역시,사회적기업사회보험료지원(보조),154
398,광주광역시,사회적기업육성(보조),69
399,광주광역시,"사회적기업육성(일자리창출,생활)(보조)",1352
400,광주광역시,사회협약광주형일자리창출,73
401,광주광역시,예비사회적기업인큐베이팅지원,40
402,광주광역시,청년창업청년취업winwin프로젝트,172
403,광주광역시,국제뿌리산업전시회,264
404,광주광역시,빛고을로봇박람회및경진대회,264
405,광주광역시,지역산업브랜드활성화지원프로젝트,300
406,광주광역시,기업지방이전촉진,3401
407,광주광역시,산업단지시설물유지보수(전환사업),2770
408,광주광역시,굴뚝자동측정기설치·운영관리지원(보조),23
409,광주광역시,소규모사업장방지시설지원(보조),2568
410,광주광역시,지역스타기업육성(지역산업공통),816
411,광주광역시,1인창조및중장년기술창업지원(국가직접지원),195
412,광주광역시,지식재산권창출사업지원,902
413,광주광역시,지역소프트웨어산업진흥지원(보조),294
414,광주광역시,인공지능중심산업융합집적단지조성,15436
415,광주광역시,지역혁신창업활성화지원,735
416,광주광역시,광주형인공지능비즈니스모델구축,171
417,광주광역시,지역연고산업육성지원(국가직접지원),90
418,광주광역시,시군구지역연고사업육성,157
419,광주광역시,지역혁신선도기업육성,86
420,광주광역시,언택트업무수행인력인건비지원,278
421,광주광역시,K-뷰티서비스차세대청년일자리육성프로젝트,297
422,대구광역시,기타지역특성화산업육성(우수기업성장동력화사업)(1단계전환),4800
423,대구광역시,기타지역특성화산업육성(중기업육성사업)(1단계전환),2600
424,대구광역시,조달물품경쟁력강화지원사업,440
425,대구광역시,중소기업경영안정자금지원,17500
426,대구광역시,중소기업매출채권보험료지원사업,200
427,대구광역시,중소기업육성자금융자,55024
428,대구광역시,중소기업제품판매지원,30
429,대구광역시,지역산업마케팅지원(지역산업온라인마케팅지원사업)(1단계전환),500
430,대구광역시,지역산업마케팅지원(중소기업해외마케팅지원)(1단계전환),5945
431,대구광역시,로봇산업가치사슬확장및상생시스템구축(1단계전환),4500
432,대구광역시,부품·소재품질향상지원사업,100
433,대구광역시,뿌리산업경쟁력강화기술지원사업(2단계),200
434,대구광역시,소재산업융합유니언구축지원,150
435,대구광역시,영세소재기업제조혁신및부품경쟁력강화사업(1단계전환),500
436,대구광역시,품질분임조활성화지원사업,70
437,대구광역시,품질인증레벨업지원사업,50
438,대구광역시,식품산업육성지원,395
439,대구광역시,지역우수기업육성(문화콘텐츠해외마케팅지원)(1단계전환),70
440,대구광역시,마을기업육성사업(구군),415
441,대구광역시,사회적기업육성(사업개발비지원-구군),260
442,대구광역시,협동조합육성사업,210
443,대구광역시,글로컬대구침장특화산업육성(1단계전환),1200
444,대구광역시,기타지역특성화산업육성(공동브랜드(쉬메릭)육성지원)(1단계전환),400
445,대구광역시,기타지역특성화산업육성(해외패션의류전시회및패션쇼참가지원)(1단계전환),1300
446,대구광역시,대구디자인패션산업육성(1단계전환),1600
447,대구광역시,섬유산업국내판로개척(전환),600
448,대구광역시,섬유패션디자인창업보육센터지원,150
449,대구광역시,지역패션봉제산업육성사업,400
450,대구광역시,패션뷰인대구지원,550
451,대구광역시,한국안경산업고도화육성사업,1500
452,대구광역시,한국안광학산업진흥원사업보조,400
453,대구광역시,초기기업SW제품상용화지원사업(1단계전환),200
454,대구광역시,뷰티제품타깃국가해외인증(인허가)지원사업,90
455,대구광역시,스타뷰티브랜드육성사업,300
456,대구광역시,신활력한방산업육성사업,97
457,대구광역시,지역산업마케팅지원(K-뷰티수출컨소시엄활성화지원)(1단계전환),500
458,대구광역시,한방소재기반기술활용기업지원사업,99
459,대구광역시,뷰티소재스타트업제품경쟁력강화사업,68
460,대구광역시,일자리창출사업,3344
461,대구광역시,중장년일자리지원사업,1500
462,대구광역시,청년일자리지원사업,2030
463,대구광역시,R&D/비R&D과제코디지원사업,100
464,대구광역시,기업애로해결디자인코디네이터육성사업,121
465,대구광역시,신기술사업화프로젝트(1단계전환),540
466,대구광역시,지역중소기업디자인지원(1단계전환),1800
467,대구광역시,대구스타벤처육성사업,500
468,대구광역시,대구팁스프로그램운영및기업상장지원,400
469,대구광역시,디지털기술기반스타트업육성사업,185
470,대구광역시,랩투마켓(LabToMarket)지원사업,24
471,대구광역시,벤처기업육성촉진지구활성화사업,90
472,대구광역시,산업현장기술핫라인센터지원,50
473,대구광역시,소공인제품기술경쟁력향상지원사업,200
474,대구광역시,업사이클산업활성화지원사업,200
475,대구광역시,업사이클센터지원사업,140
476,대구광역시,지역청년연구개발서비스기업취업지원사업,118
477,대구광역시,차세대선도기술개발사업지원,2300
478,대구광역시,청년벤처창업펀드,2000
479,대구광역시,크라우드펀딩지원사업,200
480,대구광역시,연구개발특구내입주기업통근용셔틀버스운영,200
481,대구광역시,의료기업지원통합플랫폼구축운영,100
482,대구광역시,지역산업마케팅지원(의료기기산업마케팅지원)(1단계전환),400
483,대구광역시,지역치과의료기기토탈마케팅지원,150
484,대구광역시,한국염색기술연구원운영위탁,302
485,대구광역시,C-Seed청년스타트업육성사업,500
486,대구광역시,지역전략산업디자인개발지원(국가직접지원),300
487,대구광역시,사회적기업육성(사회보험료-구군),95
488,대구광역시,"사회적기업육성(일자리창출,생활-구군)",1432
489,대구광역시,지역SW기업성장지원,312
490,대구광역시,대구청년로컬히어로창업지원사업,840
491,대구광역시,글로벌강소기업경쟁력강화사업(국가직접지원),500
492,대구광역시,나노융합기반고도화사업(국가직접지원),100
493,대구광역시,스마트공장보급·확산사업(국가직접지원),7500
494,대구광역시,지역에코혁신사업,100
495,대구광역시,하이퍼고분자첨단소재부품고도화사업(국가직접지원),1528
496,대구광역시,한국섬유개발연구원운영,300
497,대구광역시,대경권SW품질역량강화지원(국가직접지원),175
498,대구광역시,대구여성벤처기업성장지원(국가직접지원),15
499,대구광역시,예비창업패키지지원사업(국가직접지원),50
500,대구광역시,지식재산기반창업촉진사업(국가직접지원),420
501,대구광역시,지식재산창출지원사업(국가직접지원),885
502,대구광역시,창업도약패키지지원사업(국가직접지원),150
503,대구광역시,초기창업패키지지원사업(국가직접지원),400
504,대구광역시,기계부품산업스마트화지원사업,340
505,대구광역시,기계산업수출역량강화사업,700
506,대구광역시,섬유기계고도화기술개발지원사업,150
507,대구광역시,의료창업활성화지원,151
508,대구광역시,장애경제인육성지원(국가직접지원),225
509,대구광역시,중소유통업구조개선자금융자,1002
510,대구광역시,굴뚝자동측정기기설치·운영관리비지원,18
511,대구광역시,대구국제식품산업전개최,210
512,대구광역시,미래형자동차선도기술개발지원사업,6003
513,대구광역시,공예산업육성지원,165
514,대구광역시,광역도심형거점시장육성,50
515,대구광역시,종합유통단지관리운영,1485
516,대구광역시,마을기업육성사업,4
517,대구광역시,위생관리시설(운영자금)융자,500
518,대구광역시,지역투자촉진,5706
519,대구광역시,대구콘텐츠기업지원센터운영(국가직접지원),980
520,대구광역시,중소기업육성지원,700
521,대구광역시,중소기업기술경쟁력강화,50
522,대구광역시,첨단기능성소재기반시기능보조기기산업육성(국가직접지원),650
523,대구광역시,뿌리기술장인노하우디지털전승사업,300
524,대구광역시,업사이클아트청년창업성장지원사업,248
525,대구광역시,뷰티피부임상특화지원사업,100
526,대구광역시,기업혁신성장디자인코디네이터육성사업,261
527,대구광역시,지역과학기술기반연구산업고급일자리양성사업,131
528,대전광역시,대전형테스트베드사업,700
529,대전광역시,생생기업해커톤캠프사업,850
530,대전광역시,산학협력연구소기업성장지원사업,650
531,대전광역시,유망중소기업global-up지원(전환사업),750
532,대전광역시,전통제조기업첨단화지원(전환사업),2000
533,대전광역시,고경력과학기술인활용중소벤처기업기술개발지원,200
534,대전광역시,혁신성장기업기술사업화종합지원(전환사업),1500
535,대전광역시,기술융합디자인혁신지원사업,750
536,대전광역시,기업성장주기별3-UP지원사업(전환사업),3500
537,대전광역시,나노산업육성,579
538,대전광역시,뷰티산업지원육성,285
539,대전광역시,뿌리산업활성화지원사업(전환사업),2500
540,대전광역시,스마트센서기업기술역량강화사업,300
541,대전광역시,에너지산업전시회참가지원사업,29
542,대전광역시,에너지융합산업경쟁력강화지원사업,450
543,대전광역시,중소기업혁신성장지원및기술경쟁력강화사업(전환사업),1200
544,대전광역시,지식재산권육성사업(국가직접지원),1979
545,대전광역시,지역특화산업청년인재채용지원사업,813
546,대전광역시,품질경영혁신지원사업,36
547,대전광역시,일자리경제진흥원지원,9620
548,대전광역시,국내판로지원,923
549,대전광역시,벤처기업육성경쟁력강화사업,50
550,대전광역시,소셜벤처특화거리조성,3187
551,대전광역시,수출혁신지원,1653
552,대전광역시,중소기업경영안정자금및창업자금지원,8120
553,대전광역시,지역산업마케팅지원(전환사업),1700
554,대전광역시,창업기업보육ㆍ성장지원사업,910
555,대전광역시,창업보육경쟁력강화사업,320
556,대전광역시,창업생태계조성성과및발전방안,60
557,대전광역시,창업플랫폼조성,1786
558,대전광역시,충청권벤처프라자개최,140
559,대전광역시,해외사무소운영,983
560,대전광역시,혁신공공기술창업지원사업,520
561,대전광역시,국방산업육성,2189
562,대전광역시,로봇융합(메카트로닉스)산업육성,1354
563,대전광역시,정보통신산업육성,1000
564,대전광역시,지역SW성장지원,333
565,대전광역시,지역소프트웨어산업진흥지원사업(국가직접지원),133
566,대전광역시,굴뚝자동측정기기설치운영관리비지원,14
567,대전광역시,(예비)사회적기업일자리창출,1526
568,대전광역시,(예비)사회적기업지원,247
569,대전광역시,마을기업육성,295
570,대전광역시,사회적경제활성화맞춤형지원,470
571,대전광역시,사회적기업사업개발비지원,207
572,대전광역시,사회적기업사회보험료지원,57
573,대전광역시,협동조합운영,247
574,대전광역시,영세자영업자고용산재보험료지원,80
575,대전광역시,영세자영업자인건비지원,950
576,대전광역시,자영업닥터제운영,1500
577,대전광역시,창업및경영개선지원,8955
578,대전광역시,식품위생업소시설개선자금융자,300
579,대전광역시,대전형좋은일터만들기,2000
580,대전광역시,우수기업청년채용,413
581,대전광역시,청년내일채움공제사업,1002
582,대전광역시,기업유치지원,182
583,대전광역시,지방투자촉진보조금,1250
584,대전광역시,스마트공장보급확산지원(국가직접지원),2160
585,대전광역시,1인창조기업지원센터운영(국가직접사업),60
586,대전광역시,SW서비스개발사업(국가직접지원),780
587,대전광역시,지역주력산업육성(국가직접지원),6075
588,대전광역시,소공인특화지원센터운영(국가직접지원),60
589,대전광역시,FTA활용지원센터지원(국가직접지원),60
590,대전광역시,대전IR영상센터운영,700
591,대전광역시,지식재산권육성사업,541
592,대전광역시,지역소기업지원,815
593,대전광역시,기업맞춤형마케팅사업,450
594,대전광역시,스마트헬스케어VR기반구축(국가직접지원),1300
595,대전광역시,모듈형나노바이오칩플랫폼기술상용화지원(국가직접지원),400
596,대전광역시,정밀의료기술초융합상용화지원플랫폼구축(국가직접지원),950
597,대전광역시,의료현장형ICT융복합체외진단시스템고도화(국가직접지원),1300
598,대전광역시,드론산업육성사업(생태계조성),700
599,대전광역시,지역영세콘텐츠기업지원,1630
600,대전광역시,출연연연계기업지원,1453
601,대전광역시,IoT센서신뢰성평가및제품화지원사업(국가직접지원),3350
602,대전광역시,디자인컨설턴트(큐레이터)육성지원,244
603,대전광역시,청년패션전문가(커리어-업)직업역량강화,167
604,대전광역시,디자인산업역량강화사업,400
605,대전광역시,지역연고산업육성사업(국가직접지원),101
606,부산광역시,굴뚝자동측정기기설치·운영관리비지원(보조),41
607,부산광역시,4차산업형부산MICE강소기업육성사업(전환),450
608,부산광역시,위생관리시설개선융자사업,1300
609,부산광역시,공유경제육성및지원,420
610,부산광역시,마을기업육성(보조),230
611,부산광역시,마을기업컨설팅등지원(전환),300
612,부산광역시,사회적경제기업사업개발비(공모),389
613,부산광역시,사회적경제기업지역특화사업(직접),148
614,부산광역시,사회적경제지원센터운영,881
615,부산광역시,사회적기업사회보험료지원,229
616,부산광역시,사회적기업지원,58
617,부산광역시,서비스산업특화구역지원,100
618,부산광역시,서비스산업육성지원,446
619,부산광역시,지역주도형청년일자리사업(부산비즈니스서비스기업청년일자리지원사업),387
620,부산광역시,핀테크산업육성,800
621,부산광역시,소상공인상생협력,409
622,부산광역시,소상공인역량강화사업,2340
623,부산광역시,소상공인전용결제시스템,900
624,부산광역시,전통시장및상점가경영현대화,1764
625,부산광역시,전통시장및상점가시설현대화,1080
626,부산광역시,전통시장주차환경개선(주차장건립),420
627,부산광역시,수산물가공업HACCP지원,8
628,부산광역시,IoT산업활성화,282
629,부산광역시,IT엑스포부산개최,200
630,부산광역시,가상·증강현실산업육성,600
631,부산광역시,모바일AI산업육성,700
632,부산광역시,부산ITCT수도권마케팅지원센터지원,270
633,부산광역시,지역SW기업성장지원사업,166
634,부산광역시,지역SW품질역량강화사업(국가직접지원),264
635,부산광역시,부산문화콘텐츠스타프로젝트운영,500
636,부산광역시,부산영화영상기업운영지원,100
637,부산광역시,AceStella육성지원,350
638,부산광역시,고용우수기업지원,705
639,부산광역시,부산국방벤처센터지원,300
640,부산광역시,부산이노비즈센터지원(국가직접지원),80
641,부산광역시,부산창업지원센터지원,3601
642,부산광역시,지역주도형청년일자리사업(부산대표중소벤처기업청년일자리+프로젝트),1431
643,부산광역시,창업기업판로개척지원,270
644,부산광역시,창업촉진지구지원사업,800
645,부산광역시,창업보육센터지원(국가직접지원),770
646,부산광역시,인공지능로봇활용기업경쟁력고도화(전환),600
647,부산광역시,드론쇼코리아개최지원(전환),550
648,부산광역시,부산표면처리기술고도화지원(전환),270
649,부산광역시,뿌리산업통합지원체계구축및기술고도화(전환),550
650,부산광역시,부산자동차부품산업기술연구역량강화(전환),270
651,부산광역시,중소기업글로벌인증획득지원,90
652,부산광역시,중소기업품질경영진단및기술지도지원,36
653,부산광역시,친환경고효율공기조화부품기술고도화사업(전환),250
654,부산광역시,품질경영대회개최지원,10
655,부산광역시,품질경영대회우수분임조교육지원,18
656,부산광역시,해양레저용고속보트생산기술고도화지원(전환),300
657,부산광역시,미래성장동력산업기술지원사업(전환),750
658,부산광역시,부산국제섬유패션전시회개최지원(전환),400
659,부산광역시,부산국제신발피혁전시회개최지원(전환),400
660,부산광역시,부산브랜드신발육성사업(전환),400
661,부산광역시,부산섬유소재기업수요맞춤형역량강화사업(전환),300
662,부산광역시,부산섬유패션미래시장창출지원,25
663,부산광역시,부산패션창작스튜디오운영지원(전환),250
664,부산광역시,섬유패션산업기술개발지원(전환),45
665,부산광역시,신발산업정보화사업지원,100
666,부산광역시,신발산업해외마케팅지원,50
667,부산광역시,전략산업육성지원,14
668,부산광역시,전자상거래지원센터지원,41
669,부산광역시,중견ㆍ강소기업육성지원,1
670,부산광역시,중소기업기술혁신사업추진,74
671,부산광역시,고령친화바이오산업육성추진,6
672,부산광역시,고령친화산업육성사업지원(전환),500
673,부산광역시,메디컬ICT융합센터지원사업,500
674,부산광역시,치의학산업육성지원,300
675,부산광역시,화장품뷰티산업육성지원,16
676,부산광역시,클린에너지보급추진,145
677,부산광역시,마케팅등지역특성화산업육성(전환),3272
678,부산광역시,무역대응력강화사업,816
679,부산광역시,지역투자촉진,12375
680,부산광역시,해양바이오산업육성,126
681,부산광역시,부산지역부품소재종합기술지원(전환),180
682,부산광역시,하이테크부품소재중소기업연구기반구축(전환),220
683,부산광역시,대중소기업동반성장,31
684,부산광역시,부산특구성과창출및확산촉진사업(국가직접지원),700
685,부산광역시,이차보전및융자지원,42862
686,부산광역시,중소기업공제사업기금이차보전사업지원,180
687,부산광역시,소규모사업장방지시설설치지원,2210
688,부산광역시,클라우드산업육성(국가직접지원),900
689,부산광역시,부산창조경제혁신센터운영지원(국가직접지원),1703
690,부산광역시,부산스마트공장보급확산지원(국가직접지원),5000
691,부산광역시,조선기자재수출및A/S구축·운영(국가직접지원),153
692,부산광역시,FTA활용지원(국가직접지원),55
693,부산광역시,지역별창업투자지원센터,1100
694,부산광역시,청년취업인턴사업(보조),3090
695,부산광역시,조선해양기자재수주절벽극복인증지원(전환),150
696,부산광역시,수상레저기구산업거점화및성장지원(국가직접지원),50
697,부산광역시,"사회적기업육성(일자리창출,생활)",2032
698,부산광역시,지역주도형청년일자리(수출전문청년일자리지원),139
699,부산광역시,지역주도형청년일자리(비대면디지털해외마케팅청년인턴지원사업),45
700,부산광역시,산업단지통근버스운행,2383
701,부산광역시,중소기업협동조합R&D역량강화지원사업,300
702,부산광역시,중소기업지원시책홍보,460
703,부산광역시,소상공인종합지원센터운영,4460
704,부산광역시,항공부품산업기술고도화지원(전환),150
705,부산광역시,해외소형선박수주패키지지원사업,300
706,부산광역시,지역주도형청년일자리사업(디지털&클린부스트청년창업기업지원사업),250
707,부산광역시,부산지역중소기업제품홈쇼핑판로지원,120
708,부산광역시,오픈마켓입점지원및활성화사업,300
709,부산광역시,소규모온라인독립몰지원사업,70
710,부산광역시,비대면전환기업솔루션지원사업,200
711,부산광역시,AI기반중소형엔지니어링기술개발협업실증플랫폼구축(국가직접지원),2200
712,부산광역시,수소전기차부품산업육성기술지원(전환),400
713,부산광역시,에너지신사업추진,330
714,서울특별시,도시형제조업(소공인)지원,1037
715,서울특별시,서울인쇄센터운영,574
716,서울특별시,서울형특화산업지구운영,3058
717,서울특별시,양재R&D혁신지구육성,12009
718,서울특별시,홍릉바이오의료앵커운영,8391
719,서울특별시,게임산업육성및e스포츠활성화,2170
720,서울특별시,서울산업진흥원출연,54310
721,서울특별시,서울핀테크랩설립및운영,7990
722,서울특별시,영상산업인프라조성,2013
723,서울특별시,중소기업단체협력강화,4375
724,서울특별시,서울형프랜차이즈육성및지원,295
725,서울특별시,녹색산업육성지원,693
726,서울특별시,서울디자인재단출연금,23287
727,서울특별시,협동조합활성화지원,922
728,서울특별시,(예비)사회적기업지원(사업개발비),913
729,서울특별시,마을기업육성,175
730,서울특별시,사회문제해결을위한혁신형사업,260
731,서울특별시,사회적경제우수기업육성,546
732,서울특별시,사회적경제지원센터운영,4673
733,서울특별시,사회적기업사회보험료지원,538
734,서울특별시,서울특별시소상공인종합지원,8968
735,서울특별시,서울풍물시장활성화,4164
736,서울특별시,소상공인고용보험가입지원,669
737,서울특별시,생활상권활성화,6875
738,서울특별시,전통시장공동배송서비스운영,534
739,서울특별시,전통시장노후전선정비사업,593
740,서울특별시,전통시장상인역량강화및조직활성화지원,583
741,서울특별시,전통시장시설현대화사업지원(전환사업),11827
742,서울특별시,전통시장안전취약시설물보수,570
743,서울특별시,전통시장주차환경개선사업(주차장건립),2091
744,서울특별시,전통시장주차환경개선사업(주차장이용보조),46
745,서울특별시,로컬브랜드상권육성,3166
746,서울특별시,전통시장화재알림시설설치사업,167
747,서울특별시,서울창업허브성수운영,1501
748,서울특별시,악취방지및저감사업,218
749,서울특별시,사회적경제기업투융자,12500
750,서울특별시,서울신용보증재단출연,65900
751,서울특별시,서울형마이크로크레딧지원,607
752,서울특별시,시중은행협력자금지원,108776
753,서울특별시,중소기업직접융자,200000
754,서울특별시,식품위생영업자민간융자지원,20000
755,서울특별시,수출보험(보증)료지원,1500
756,서울특별시,재활용사업자육성자금융자지원,1010
757,서울특별시,공동협력기술개발지원,3845
758,서울특별시,서울형R&D지원,38419
759,서울특별시,중소기업지식재산권창출지원,2215
760,서울특별시,사회적경제시장활성화,15
761,서울특별시,글로벌강소기업육성(국가직접지원),540
762,서울특별시,(예비)사회적기업지원(일자리창출),3492
763,서울특별시,청년과함께하는서울형강소기업육성지원,3892
764,서울특별시,서울창조경제혁신센터운영지원(국가직접지원),1500
765,서울특별시,관광스타트업육성지원,1170
766,서울특별시,서울먹거리창업센터운영,1152
767,서울특별시,지역연계형청년창업지원사업,2734
768,서울특별시,서울창업센터관악운영,548
769,서울특별시,서울창업허브창동운영,4063
770,서울특별시,서울창업디딤터운영,1367
771,서울특별시,서울창업성장센터운영,1191
772,서울특별시,서울창업카페운영,1407
773,서울특별시,서울창업허브운영,16453
774,서울특별시,청년창업꿈터운영,518
775,서울특별시,소상공인육성을위한야시장운영,1479
776,서울특별시,전통시장온라인판로개척지원,1050
777,서울특별시,전통시장이벤트지원,1240
778,서울특별시,서울특별시기술교육원운영지원,18571
779,서울특별시,소규모대기배출사업장방지시설설치,3549
780,서울특별시,용산전자상상가운영및창업거점조성,1544
781,서울특별시,소상공인 전용 노란우산 공제 가입 지원,6469
782,서울특별시,전통시장 화재공제보험 가입 지원,280
783,세종특별자치시,지역SW기업성장지원,216
784,세종특별자치시,세종창업키움센터관리·운영,170
785,세종특별자치시,소상공인지원,3048
786,세종특별자치시,중소기업자금지원(중소기업육성기금운용),1425
787,세종특별자치시,중소기업활성화,162
788,세종특별자치시,지역특성화산업육성(전환사업),400
789,세종특별자치시,창업보육활성화지원,60
790,세종특별자치시,창조경제혁신센터운영,929
791,세종특별자치시,6차산업경쟁력강화,125
792,세종특별자치시,지역투자촉진,1745
793,세종특별자치시,지역주도형청년일자리사업,1025
794,세종특별자치시,마을기업컨설팅등지원(전환사업),352
795,세종특별자치시,사회보험료및사업개발비등사회적기업육성(사업개발비),38
796,세종특별자치시,"사회적기업육성(일자리창출,세종)(사회보험료)",32
797,세종특별자치시,"사회적기업육성(일자리창출,세종)(일반,전문인력)",374
798,세종특별자치시,굴뚝자동측정기기설치·운영관리비지원,9
799,세종특별자치시,지역SW서비스사업화지원(국가직접지원),568
800,세종특별자치시,지역지식재산창출지원(국가직접지원),452
801,세종특별자치시,지역특화산업육성사업(국가직접지원),2341
802,세종특별자치시,수출기반조성,22
803,세종특별자치시,사회적경제혁신성장(국가직접지원),66
804,세종특별자치시,사회적경제기업이차보전지원,21
805,세종특별자치시,국가혁신융복합단지육성(국가직접지원),3050
806,세종특별자치시,글로벌강소기업육성사업(국가직접지원),60
807,세종특별자치시,지역노사민정협력활성화지원,49
808,세종특별자치시,공정일터인증제,41
809,세종특별자치시,지역산업거점육성,1382
810,세종특별자치시,지역단위6차산업활성화지원,149
811,세종특별자치시,소규모사업장방지시설(자본보조),500
812,세종특별자치시,중소기업근로자기숙사임차비지원,286
813,세종특별자치시,마을기업중간지원기관운영,162
814,울산광역시,이자차액보전금지원,8887
815,울산광역시,중소기업투자모태조합출자,950
816,울산광역시,위생관리개선융자사업,509
817,울산광역시,사회적경제혁신성장사업,237
818,울산광역시,산학연관협력기술개발,300
819,울산광역시,지역기술이전사업지원,300
820,울산광역시,지역지식재산창출지원,1002
821,울산광역시,지역특화산업육성사업(전환사업),2400
822,울산광역시,에너지절약및효율화사업,1142
823,울산광역시,조선산업육성지원,884
824,울산광역시,조선해양기자재국제인증및벤더등록지원,200
825,울산광역시,화학소재산업육성지원,364
826,울산광역시,뿌리기업기술첨단화지원,289
827,울산광역시,시-화연정밀화학기술협력,1000
828,울산광역시,(예비)사회적기업일자리창출지원,1400
829,울산광역시,사회적기업사회보험료지원,93
830,울산광역시,청년일자리창출,3770
831,울산광역시,수출인프라구축및저변확대,352
832,울산광역시,지역산업마케팅지원(전환사업),2064
833,울산광역시,사회적경제기업육성지원,189
834,울산광역시,창업지원,4701
835,울산광역시,마을기업컨설팅등지원(2단계전환사업),257
836,울산광역시,사회적기업사업개발비(공모),200
837,울산광역시,마을기업육성,131
838,울산광역시,중소기업육성시책추진,2553
839,울산광역시,소상공인지원,1159
840,울산광역시,전통시장육성,465
841,울산광역시,전문경력인사기술지원,100
842,울산광역시,스마트공장보급확산지원,800
843,울산광역시,지역투자촉진,7901
844,울산광역시,투자환경개선,878
845,울산광역시,공공기관연관산업기업유치등지원사업,50
846,울산광역시,굴뚝자동측정기기설치·운영관리비지원,64
847,울산광역시,취업지원,3714
848,울산광역시,자동차산업육성지원,297
849,울산광역시,과학기술육성,65
850,울산광역시,에너지융합엔지니어링설계지원,100
851,울산광역시,사회적기업사업개발비(지역특화),145
852,인천광역시,굴뚝자동측정기기설치ㆍ운영관리비지원,32
853,인천광역시,소규모영세사업장방지시설지원(지원),3264
854,인천광역시,소규모영세사업장방지시설지원(직접),7431
855,인천광역시,악취개선사업,94
856,인천광역시,악취방지시설개선지원및운영,2576
857,인천광역시,중소기업환경개선을위한이자지원,22
858,인천광역시,인천형핵심성장콘텐츠제작지원,800
859,인천광역시,XR콘텐츠산업육성,1500
860,인천광역시,4차산업혁명핵심기술기반센터구축,638
861,인천광역시,SW융합클러스터2.0,1500
862,인천광역시,글로벌스케일업캠퍼스운영,2197
863,인천광역시,로봇산업육성,2300
864,인천광역시,뷰티도시조성,1000
865,인천광역시,연구개발(R&D)활성화,1700
866,인천광역시,인천BIO산업지원,2790
867,인천광역시,자동차부품산업육성지원,2220
868,인천광역시,지역SW산업진흥지원,1500
869,인천광역시,마을기업육성사업(지원),115
870,인천광역시,사회적경제생태기반조성,1498
871,인천광역시,사회적기업사업개발비(공모),279
872,인천광역시,사회적기업육성(사회보험료),125
873,인천광역시,"사회적기업육성(일자리창출,생활)",1127
874,인천광역시,산업기술기반조성사업,4565
875,인천광역시,수출인프라확충및해외마케팅지원,1960
876,인천광역시,스마트공장확산사업,3000
877,인천광역시,우수기업육성및지원,86
878,인천광역시,중국마케팅전담지원,1200
879,인천광역시,중소기업경영안정자금지원,403
880,인천광역시,중소기업기술교류,200
881,인천광역시,중소기업기술및경영지원,48
882,인천광역시,중소기업지원및육성,55538
883,인천광역시,지역산업마케팅지원(전환-직접)(전환사업),1640
884,인천광역시,지역특성화산업육성(중소기업디자인개발지원)(전환-직접)(전환사업),2229
885,인천광역시,품질우수제품지원및품질분임조경진대회,135
886,인천광역시,소상공인경영안정지원,36662
887,인천광역시,전통시장활성화,927
888,인천광역시,식품진흥기금의효율적운용관리,312
889,인천광역시,지역주도형청년일자리지원사업(직접),3375
890,인천광역시,창업보육지원,1820
891,인천광역시,창조경제혁신센터운영지원,1700
892,인천광역시,청년정책추진및일자리지원,6207
893,인천광역시,FTA활용지원(국가직접지원),110
894,인천광역시,글로벌강소기업육성사업지원(국가직접지원),640
895,인천광역시,산학연협력기술개발사업(국가직접지원),1600
896,인천광역시,지역맞춤형일자리창출사업,1340
897,인천광역시,산업기술기반조성사업,429
898,인천광역시,악취방지시설개선지원및운영,2538
899,인천광역시,산학연지역혁신사업,200
900,인천광역시,벤처기업육성지원,35
901,전라남도,관광진흥기금운영,10000
902,전라남도,중소기업금융지원,36944
903,전라남도,중소기업금융지원(기금),140000
904,전라남도,튜닝부품선도기업맞춤형지원사업(전환사업,2240
905,전라남도,기업부설연구소연구개발역량강화사업,300
906,전라남도,지역수요맞춤형연구개발사업(전환사업),8000
907,전라남도,전남형강소기업육성사업(전환사업),2000
908,전라남도,품질경진대회개최및참가지원,106
909,전라남도,뿌리산업선도기업육성3단계(전환사업),8000
910,전라남도,전남농공단지기업맞춤형특화지원사업(전환사업),2000
911,전라남도,조선산업클러스터구축,719
912,전라남도,산학연연계농공단지입주기업연구개발(전환사업),2000
913,전라남도,FTA활용지원및대응(국가직접지원사업),150
914,전라남도,지역SW품질역량센터운영지원(국가직접지원),113
915,전라남도,지식재산(IP)기업육성지원사업(국가직접지원),1585
916,전라남도,사회적기업육성(일자리창출),468
917,전라남도,청년근속장려금지원,1503
918,전라남도,중국지역산업마케팅지원(전환사업),470
919,전라남도,지역산업마케팅지원(전환사업),3020
920,전라남도,통상애로해소및수출기반조성,74
921,전라남도,수산물수출기업지원(프로젝트형수산수출기업육성),201
922,전라남도,지역특화산업수출새싹기업지원(국가직접지원),86
923,전라남도,글로벌강소기업육성사업(국가직접지원),580
924,전라남도,소상공인및전통시장·상점가디자인개발지원사업(전환사업),600
925,전라남도,전통시장활성화,237
926,전라남도,중소기업판로지원,237
927,전라남도,우수전통시장상품전시판매전개최(국가직접지원),50
928,전라남도,전남형예비마을기업육성,123
929,전라남도,해양수산창업투자지원센터,800
930,전라남도,Post-BI종합지원사업(국가직접지원),43
931,전라남도,공예문화산업육성,148
932,전라남도,지역상품브랜드디자인개발(전환사업),1000
933,전라남도,마을기업경영컨설팅및판로지원(전환사업),685
934,전라남도,사회적경제성장지원,1080
935,전라남도,사회적기업육성(사업개발비),95
936,전라남도,정부출연연구기관협력사업,91
937,전라남도,전남중소기업연구개발혁신성장플랫폼구축운영,200
938,전라남도,지역SW기업성장지원사업,331
939,전라남도,소상공인보호및경쟁력강화,1569
940,전라남도,전남자영업종합지원센터지원,500
941,전라남도,전라남도중소기업진흥원지원,874
942,전라남도,전통시장및중소유통물류기반조성사업(전통시장시설현대화)(전환사업),8225
943,전라남도,전통시장화재공제가입지원,60
944,전라남도,중소기업융합및인증사업지원,106
945,전라남도,혁신성장을위한스마트공장보급확대,5806
946,전라남도,도내투자기업보조금지원,7249
947,전라남도,지방투자촉진보조금,1600
948,전라남도,스타기업육성사업(국가직접지원),1066
949,전라남도,유기가공식품인프라구축,27
950,전라남도,에너지신사업연구개발및사업화지원사업,1000
951,전라남도,여성소기업육성사업,126
952,전라남도,중소기업육성활성화,34
953,전라남도,대학창업보육센터지원(국가직접지원),126
954,전라남도,순천대초기창업패키지운영지원(국가직접지원),150
955,전라남도,굴뚝자동측정기기설치및유지관리지원,52
956,전라남도,1인창조기업지원센터지원(국가직접지원),50
957,전라남도,창조경제혁신센터운영(국가직접지원),1502
958,전라남도,미래형자동차튜닝부품기술개발사업(국가직접지원),650
959,전라남도,수산물지자체연계마케팅,56
960,전라남도,천일염수출활성화지원,50
961,전라남도,도해외상설판매장활용시군연계판촉행사,72
962,전라남도,아마존전라남도브랜드관운영(전환사업),820
963,전라남도,바우처지원사업(국가직접지원),498
964,전라남도,사회적기업육성(사회보험료지원),23
965,전라남도,수산식품수출통합마케팅,90
966,전라남도,수산물해외시장개척지원,12
967,전라남도,수산물유통네트워크판매망구축,60
968,전라북도,갑질피해사업자지원특례보증,500
969,전라북도,소상공인지원자금이차보전,7448
970,전라북도,성공창업지원,680
971,전라북도,기타지역특성화산업육성(혁신성장R&D+사업)(1차)(전환사업),5000
972,전라북도,기업부설연구소활성화지원,100
973,전라북도,중소기업산업기술정보이용지원,68
974,전라북도,기타지역특성화산업육성(중소기업기술융합활성화사업)(1차)(전환사업),400
975,전라북도,창의적중소기업품질혁신공정개선,70
976,전라북도,기술거래및사업화촉진활성화사업(국가직접지원),260
977,전라북도,기타지역특성화산업육성(R&D기술사업화지원사업)(1차)(전환사업),1800
978,전라북도,기타지역특성화산업육성(탄소복합재공정장비활용중소기업사업화지원)(1차)(전환사업),500
979,전라북도,3D프린팅융복합기술지원사업,280
980,전라북도,특장차산업활성화및산업생태계모델구축,500
981,전라북도,기타지역특성화산업육성(융복합SW강소기업육성)(1차)(전환사업),1100
982,전라북도,제조기반기술R&D혁신지원사업(1차)(전환사업),1000
983,전라북도,전북형미래혁신식품기술개발지원,135
984,전라북도,벤처기업육성사업지원,300
985,전라북도,스타기업혁신성장지원사업(국가직접),778
986,전라북도,전북시제품제작소운영지원,350
987,전라북도,전북일자리센터운영,822
988,전라북도,청년일자리창출,2269
989,전라북도,일자리창출사업(사회적기업),627
990,전라북도,식품산업전문인력양성사업(1차)(전환사업),600
991,전라북도,지역산업마케팅지원(1차)(전환사업),2500
992,전라북도,세계로가는전북기업육성(1차)(전환사업),180
993,전라북도,수출새싹기업지원사업(국가직접),86
994,전라북도,전라북도해외통상거점센터운영,600
995,전라북도,기타지역특성화산업육성(탄소응용제품공공구매마케팅지원)(1차)(전환사업),800
996,전라북도,기타지역특성화산업육성(탄소산업활성화T2B지원사업)(1차)(전환사업),1000
997,전라북도,중소기업제품판로개척,1000
998,전라북도,중소기업제품공공구매확대,45
999,전라북도,전자상거래운영지원,45
1000,전라북도,창업지원기반조성,1673
1001,전라북도,창업보육센터활성화지원(국가직접),300
1002,전라북도,전라북도선도기업육성(1차)(전환사업),5200
1003,전라북도,전라북도도약기업육성사업,2300
1004,전라북도,글로벌강소기업육성사업(국가직접),600
1005,전라북도,중소기업경영개선컨설팅,72
1006,전라북도,전북지역스타기업육성사업(국가직접),612
1007,전라북도,전라북도돋움기업육성사업,3077
1008,전라북도,뿌리기업그린환경시스템구축지원사업,350
1009,전라북도,소상공인창업경영개선,1986
1010,전라북도,영세소상공인지원,3600
1011,전라북도,사업개발비지원사업(사회적기업),120
1012,전라북도,협동조합지원,200
1013,전라북도,사회보험료지원(사회적기업),69
1014,전라북도,중소기업환경개선사업,845
1015,전라북도,전통공예산업육성,118
1016,전라북도,지식재산창출지원사업(국가직접지원),997
1017,전라북도,기술개발제품인증취득지원,100
1018,전라북도,전북뿌리농기계기술고도화지원사업,300
1019,전라북도,중소기업공제사업기금대출사업이차보전,100
1020,전라북도,소상공인지원특례보증,2500
1021,전라북도,식품위생업소시설개선융자사업,500
1022,전라북도,국방산업육성지원사업,180
1023,전라북도,전라북도디자인산업육성,457
1024,전라북도,농수산식품수출바이어초청상담,40
1025,전라북도,농수산식품해외시장개척지원,450
1026,전라북도,농식품기업원료수급안정화지원,36
1027,전라북도,농식품창업·성장지원사업,150
1028,전라북도,마을기업고도화,766
1029,전라북도,마을기업육성지원(2차)(전환사업),486
1030,전라북도,"마을기업지정(신규,재지정,예비)",105
1031,전라북도,사회적경제기업제품판매지원,260
1032,전라북도,사회적경제성장기업육성,350
1033,전라북도,사회적경제지원,626
1034,전라북도,사회적기업육성,88
1035,전라북도,전북사회적경제기업제품디자인개발지원,100
1036,전라북도,전통시장화재공제가입지원,59
1037,전라북도,지역주도형청년일자리,6010
1038,전라북도,전북지역주도SW성장지원(지역SW산업진흥지원),156
1039,전라북도,조선기자재사업다각화생태계구축사업,400
1040,전라북도,기타지역특성화산업육성(산업·수송용탄소소재부품산업육성)(1차)(전환사업),600
1041,전라북도,금융혁신벤처창업지원사업,300
1042,전라북도,연구개발장비공동활용지원,150
1043,전라북도,전북섬유공동브랜드운영및활성화지원,150
1044,전라북도,굴뚝원격감시체계구축및운영,55
1045,전라북도,사회적경제혁신성장지원사업(국가직접),237
1046,전라북도,초기창업패키지(국가직접),360
1047,전라북도,스마트공장보급·확산사업(국가직접지원),3364
1048,전라북도,기타지역특성화산업육성(소기업혁신역량강화지원사업)(1차)(전환사업),2400
1049,전라북도,기타지역특성화산업육성(전북탄소기업국내외밸류체인구축지원)(1차)(전환사업),600
1050,전라북도,기타지역특성화산업육성(수요맞춤형드론산업육성)(1차)(전환사업),600
1051,전라북도,전기자동차전장부품기업기술개발지원사업,300
1052,전라북도,자동차기업신시장창출지원사업(1차)(전환사업),600
1053,전라북도,지역특성화산업전문인력양성(1차)(전환사업),3060
1054,전라북도,지역맞춤형일자리창출사업,300
1055,전라북도,전라북도수출통합지원센터운영,800
1056,전라북도,중소기업디자인역량강화지원(1차)(전환사업),2000
1057,전라북도,중소기업맞춤형입찰정보서비스지원,70
1058,전라북도,뿌리산업생태계혁신성장지원사업(1차)(전환사업),1300
1059,전라북도,수질자동측정기기설치및운영지원,88
1060,전라북도,청정연료전환지원사업(직접),64
1061,전라북도,AI빅데이터전문인력양성사업,250
1062,전라북도,전북형30대상용차핵심부품및소재기술개발,2000
1063,전라북도,민관상생협력형단기부품기술개발사업,1000
1064,전라북도,자동차대체부품개발및활성화사업,1000
1065,전라북도,청정연료전환지원사업(지원),170
1066,전라북도,전북섬유패션기업디지털역량강화사업,100
1067,전라북도,안전보호융복합섬유기술개발및역량강화지원사업,100
1068,전라북도,전북형산학융합스마트허브단지활성화사업,500
1069,전라북도,사회적기업자치단체특화사업(직접),45
1070,전라북도,사회적경제상생협력지원사업,150
1071,전라북도,K-Studio구축및활용(국가직접),40
1072,전라북도,농공단지입주기업경영활성화지원,300
1073,전라북도,중소기업환경개선사업(2차)(균특이양)(전환사업),608
1074,제주특별자치도,중소기업육성자금지원,31984
1075,제주특별자치도,골목상권경쟁력강화,1716
1076,제주특별자치도,위생시설개선자금융자지원,500
1077,제주특별자치도,관광산업민간투자지원,15400
1078,제주특별자치도,기업기술지원(성인지예산),422
1079,제주특별자치도,스마트그리드산업육성(성인지예산),179
1080,제주특별자치도,융복합기술산업화지원,400
1081,제주특별자치도,ICT신산업육성,303
1082,제주특별자치도,지식재산창출지원,1236
1083,제주특별자치도,제주지역ICT신기술개발및고도화,114
1084,제주특별자치도,청년취업지원,4590
1085,제주특별자치도,중장년취업지원,3117
1086,제주특별자치도,일자리정책지원,1295
1087,제주특별자치도,지역주도형청년일자리사업,5076
1088,제주특별자치도,통상수출지원,2394
1089,제주특별자치도,수출산업마케팅행사지원,195
1090,제주특별자치도,지역산업마케팅지원(전환사업),727
1091,제주특별자치도,농산물수출물류비지원,1790
1092,제주특별자치도,중소기업제품판로지원,1450
1093,제주특별자치도,공동물류센터운영지원,602
1094,제주특별자치도,지역SW성장지원사업,209
1095,제주특별자치도,중소기업제품마케팅강화,564
1096,제주특별자치도,지역경제활성화시책지원,2015
1097,제주특별자치도,창업활성화지원,938
1098,제주특별자치도,수산산업창업투자지원사업(성인지예산),300
1099,제주특별자치도,중소기업빅데이터활용지원,60
1100,제주특별자치도,농촌자원복합산업화지원(전환사업),6320
1101,제주특별자치도,기업경영지원,519
1102,제주특별자치도,제주향토강소기업적극육성,340
1103,제주특별자치도,물가관리및소비자보호,297
1104,제주특별자치도,기업지방이전촉진,1443
1105,제주특별자치도,여성및장애인기업육성지원(성인지예산),450
1106,제주특별자치도,사회적경제조직육성,2293
1107,제주특별자치도,굴뚝원격감시체계구축,9
1108,제주특별자치도,제주식품산업경쟁력강화,276
1109,제주특별자치도,지역전략산업육성사업(기업지원서비스),1188
1110,제주특별자치도,소상공인지원,21565
1111,제주특별자치도,사회적기업육성(제주시),888
1112,제주특별자치도,사회적기업사업개발(제주시),823
1113,제주특별자치도,사회적기업사회보험료(제주시),56
1114,제주특별자치도,사회적기업사업개발(서귀포시),320
1115,제주특별자치도,사회적기업사회보험료(서귀포시),9
1116,제주특별자치도,사회적기업재정지원사업(서귀포시),356
1117,제주특별자치도,수출증대및해외시장개척,52
1118,충청남도,식품위생업소시설개선,200
1119,충청남도,중소기업수출기반구축,1107
1120,충청남도,지역산업마케팅지원(해외바이어발굴)(전환사업),300
1121,충청남도,지역산업마케팅지원(해외시장개척)(전환사업),2775
1122,충청남도,농촌자원복합산업화지원(도)(전환사업),170
1123,충청남도,농촌자원복합산업화지원(시군자본)(전환사업),4254
1124,충청남도,공예문화산업육성,75
1125,충청남도,사업개발비지원,66
1126,충청남도,사회보험료지원,25
1127,충청남도,일자리창출사업,379
1128,충청남도,지역산업육성지원,1387
1129,충청남도,충남디스플레이품질고도화및사업화지원사업,425
1130,충청남도,가업승계준비기업지원,60
1131,충청남도,기업애로해소지원,85
1132,충청남도,기업활동지원,273
1133,충청남도,벤처기업디자인개발지원,179
1134,충청남도,벤처창업촉진공동마케팅지원,74
1135,충청남도,소상공인육성지원,8771
1136,충청남도,소상공인지원,10034
1137,충청남도,중소기업비즈니스콜라보사업,300
1138,충청남도,중소기업유튜브동영상제작지원,200
1139,충청남도,중소기업육성기금운용,20000
1140,충청남도,중소기업제품구매촉진및판로확대,299
1141,충청남도,충남형챔피언기업육성사업,100
1142,충청남도,충청권중소벤처기업박람회,140
1143,충청남도,수산물소비촉진지원및해외시장개척,659
1144,충청남도,ESS전지시스템기능안전성설계기술지원사업,400
1145,충청남도,충남도-발전3사상생협력사업,500
1146,충청남도,한국산업기술시험원-충남테크노파크기관협력기업지원사업,400
1147,충청남도,고용우수기업지원,251
1148,충청남도,충남국방벤처센터사업지원,200
1149,충청남도,굴뚝자동측정기기설치·운영관리비지원,87
1150,충청남도,소규모사업장방지시설설치지원,622
1151,충청남도,영세배출사업장기술지도,40
1152,충청남도,충남콘텐츠기업육성센터운영(국가직접지원),500
1153,충청남도,스마트공장구축지원(국가직접지원),2000
1154,충청남도,지역지식재산창출·창업지원사업(국가직접지원),1990
1155,충청남도,충남SW융합산업육성사업(국가직접지원),1458
1156,충청남도,기술거래촉진네트워크지원(국가직접지원),230
1157,충청남도,지역연고산업육성사업(국가직접지원),55
1158,충청남도,지역특화(주력)산업육성지원(국가직접지원),3950
1159,충청남도,1인창조기업비즈니스센터운영(국가직접지원),10
1160,충청남도,글로벌강소기업육성지원(국가직접지원),660
1161,충청남도,TV홈쇼핑입점지원,180
1162,충청북도,간판이아름다운시범거리조성,120
1163,충청북도,e-기업사랑센터운영,104
1164,충청북도,공공조달시장진출경쟁력강화지원,30
1165,충청북도,기업애로지원센터운영,85
1166,충청북도,기업정주여건개선사업,2000
1167,충청북도,기업체품질분임조활성화지원,27
1168,충청북도,메인비즈(MainBiz)인증획득지원,10
1169,충청북도,소상공인육성자금이차보전,7448
1170,충청북도,여성기업육성및지원,274
1171,충청북도,우수전통시장선정지원,60
1172,충청북도,장애인기업육성및지원,32
1173,충청북도,전국전통시장박람회참가지원,10
1174,충청북도,전통시장마케팅지원,240
1175,충청북도,전통시장및상점가배송도우미운영지원,150
1176,충청북도,전통시장시설현대화사업(전환사업),2868
1177,충청북도,전통시장주차환경개선사업(건립),2383
1178,충청북도,전통시장화재공제가입지원,82
1179,충청북도,전통시장활성화를위한특화사업발굴지원,60
1180,충청북도,중소·벤처기업판로지원,45
1181,충청북도,중소기업TV홈쇼핑지원사업,150
1182,충청북도,중소기업공제사업이차보전,175
1183,충청북도,중소기업파견기술지원단운영,30
1184,충청북도,중소기업맞춤형품질경쟁력강화,20
1185,충청북도,중소기업육성자금이차보전,9839
1186,충청북도,중소기업육성자금지원,60800
1187,충청북도,중소기업전시박람회참가지원,113
1188,충청북도,중소기업협동조합활성화지원,97
1189,충청북도,창업보육센터운영활성화,221
1190,충청북도,충청권중소·벤처기업박람회개최,140
1191,충청북도,충청북도대중소기업구매상담회,120
1192,충청북도,무역통상사업(전환사업),6000
1193,충청북도,농식품글로벌온라인마켓입점지원(전환사업),30
1194,충청북도,농식품해외마케팅지원(전환사업),1060
1195,충청북도,굴뚝자동측정기기운영관리비지원,21
1196,충청북도,국내식품전시회참가지원,30
1197,충청북도,수출농식품가공공장시설현대화,70
1198,충청북도,식품소재및반가공산업육성,459
1199,충청북도,지역우수전통주활성화지원,14
1200,충청북도,농촌공동체회사우수사업지원(전환사업),115
1201,충청북도,마을기업육성사업(전환사업),630
1202,충청북도,사회적경제기업사업개발비지원사업,119
1203,충청북도,사회적기업육성(일자리창출),353
1204,충청북도,사회적기업활성화지원사업,151
1205,충청북도,협동조합활성화추진,35
1206,충청북도,고부가가치바이오산업연구개발사업육성,615
1207,충청북도,바이오창업아카데미개설및운영(전환사업),200
1208,충청북도,의료기기산업육성,150
1209,충청북도,이노비즈(Inno-Biz)인증획득지원사업,12
1210,충청북도,뿌리기술산업경쟁력강화지원,400
1211,충청북도,충북중소기업B2B박람회참가지원,30
1212,충청북도,시설개선융자지원,300
1213,충청북도,ICT벤처중소기업기술개발지원,200
1214,충청북도,소기업형스마트공장구축지원,927
1215,충청북도,스마트공장보급·확산사업,1587
1216,충청북도,지역SW기업성장지원,166
1217,충청북도,솔라밸리조성,201
1218,충청북도,솔라페스티벌(전환사업),540
1219,충청북도,충북태양광발전자금이차보전,289
1220,충청북도,여성친화기업환경조성,20
1221,충청북도,창업여성지원,50
1222,충청북도,유기가공식품인증비용지원,13
1223,충청북도,유기가공식품포장재지원,66
1224,충청북도,고용우수기업지원사업,400
1225,충청북도,청년창업지원,180
1226,충청북도,청년행복일터지원,683
1227,충청북도,농공단지조성(전환사업),1114
1228,충청북도,수도권이전기업지원,4000
1229,충청북도,공공기관연관산업기업유치등지원사업,150
1230,충청북도,뷰티산업육성기반구축,200
1231,충청북도,한방·천연물연구개발강화,156
1232,충청북도,화장품뷰티산업엑스포개최(전환사업),2800
1233,충청북도,글로벌강소기업육성사업,550
1234,충청북도,메이커스페이스구축·운영지원사업,50
1235,충청북도,전통시장특성화추진,456
1236,충청북도,지식재산창출지원및창업촉진,2080
1237,충청북도,창업도약패키지지원사업,105
1238,충청북도,충북우수시장박람회개최,107
1239,충청북도,충북창조경제혁신센터운영지원,1500
1240,충청북도,기술거래촉진네트워크사업,221
1241,충청북도,지역주력산업육성사업,5593
1242,충청북도,ICT디바이스랩운영,160
1243,충청북도,선도형시범공장확충지원,168
1244,충청북도,지역SW품질역량센터운영관리,63
1245,충청북도,도내투자기업지원,3500
1246,충청북도,공장설립관리정보망운영,48
1247,충청북도,충청북도농공단지협의회운영지원,20
1248,충청북도,중소기업온라인마케팅활성화지원,160
1249,충청북도,농식품수출기업육성지원(전환사업),290
1250,충청북도,충북김치수출세계화지원사업,100
1251,충청북도,사회적기업육성(사회보험료지원),26
1252,충청북도,국제통상기반조성,160
1253,충청북도,무역기반조성(전환사업),1716
1254,충청북도,중소기업 공모사업 전문컨설팅 지원,50
1255,충청북도,중소기업매출채권보험가입지원,200
1256,충청북도,기업현장지원반 운영,75
